{
  "credentials": [
    {
      "id": "2",
      "cardName": "Y-Solowarm",
      "bankName": "Izio",
      "description": "Nullam porttitor lacus at turpis. Donec posuere metus vitae ipsum. Aliquam non mauris.\n\nMorbi non lectus. Aliquam sit amet diam in magna bibendum imperdiet. Nullam orci pede, venenatis non, sodales sed, tincidunt eu, felis.\n\nFusce posuere felis sed lacus. Morbi sem mauris, laoreet ut, rhoncus aliquet, pulvinar sed, nisl. Nunc rhoncus dui vel sem.",
      "maxCredit": 12,
      "active": true,
      "annualFee": 73,
      "interestRate": 93,
      "introOffer": 95,
      "recommendedCreditScore": "40.117.220.8",
      "numberOfApplications": 96,
      "createdDate": "15.09.2024",
      "termsAndConditions": "Pellentesque at nulla. Suspendisse potenti. Cras in purus eu magna vulputate luctus.\n\nCum sociis natoque penatibus et magnis dis parturient montes, nascetur ridiculus mus. Vivamus vestibulum sagittis sapien. Cum sociis natoque penatibus et magnis dis parturient montes, nascetur ridiculus mus."
    },
    {
      "id": "60",
      "cardName": "Sub-Ex",
      "bankName": "Skinte",
      "description": "Nulla ut erat id mauris vulputate elementum. Nullam varius. Nulla facilisi.",
      "maxCredit": 44,
      "active": false,
      "annualFee": 43,
      "interestRate": 70,
      "introOffer": 7,
      "recommendedCreditScore": "68.48.140.231",
      "numberOfApplications": 44,
      "createdDate": "21.12.2023",
      "termsAndConditions": "Sed sagittis. Nam congue, risus semper porta volutpat, quam pede lobortis ligula, sit amet eleifend pede libero quis orci. Nullam molestie nibh in lectus.\n\nPellentesque at nulla. Suspendisse potenti. Cras in purus eu magna vulputate luctus."
    },
    {
      "id": "9",
      "cardName": "Cardify",
      "bankName": "Roombo",
      "description": "Nullam sit amet turpis elementum ligula vehicula consequat. Morbi a ipsum. Integer a nibh.\n\nIn quis justo. Maecenas rhoncus aliquam lacus. Morbi quis tortor id nulla ultrices aliquet.\n\nMaecenas leo odio, condimentum id, luctus nec, molestie sed, justo. Pellentesque viverra pede ac diam. Cras pellentesque volutpat dui.",
      "maxCredit": 14,
      "active": false,
      "annualFee": 22,
      "interestRate": 71,
      "introOffer": 2,
      "recommendedCreditScore": "207.10.78.201",
      "numberOfApplications": 22,
      "createdDate": "21.04.2025",
      "termsAndConditions": "Quisque porta volutpat erat. Quisque erat eros, viverra eget, congue eget, semper rutrum, nulla. Nunc purus.\n\nPhasellus in felis. Donec semper sapien a libero. Nam dui."
    },
    {
      "id": "18",
      "cardName": "Namfix",
      "bankName": "Geba",
      "description": "Praesent id massa id nisl venenatis lacinia. Aenean sit amet justo. Morbi ut odio.\n\nCras mi pede, malesuada in, imperdiet et, commodo vulputate, justo. In blandit ultrices enim. Lorem ipsum dolor sit amet, consectetuer adipiscing elit.",
      "maxCredit": 36,
      "active": true,
      "annualFee": 91,
      "interestRate": 33,
      "introOffer": 26,
      "recommendedCreditScore": "243.123.208.41",
      "numberOfApplications": 95,
      "createdDate": "01.02.2024",
      "termsAndConditions": "Aenean fermentum. Donec ut mauris eget massa tempor convallis. Nulla neque libero, convallis eget, eleifend luctus, ultricies eu, nibh."
    },
    {
      "id": "98",
      "cardName": "Fix San",
      "bankName": "Rhynyx",
      "description": "Pellentesque at nulla. Suspendisse potenti. Cras in purus eu magna vulputate luctus.",
      "maxCredit": 81,
      "active": true,
      "annualFee": 25,
      "interestRate": 15,
      "introOffer": 5,
      "recommendedCreditScore": "117.201.1.243",
      "numberOfApplications": 15,
      "createdDate": "17.12.2023",
      "termsAndConditions": "Proin interdum mauris non ligula pellentesque ultrices. Phasellus id sapien in sapien iaculis congue. Vivamus metus arcu, adipiscing molestie, hendrerit at, vulputate vitae, nisl."
    },
    {
      "id": "74",
      "cardName": "Duobam",
      "bankName": "Mybuzz",
      "description": "Duis bibendum, felis sed interdum venenatis, turpis enim blandit mi, in porttitor pede justo eu massa. Donec dapibus. Duis at velit eu est congue elementum.\n\nIn hac habitasse platea dictumst. Morbi vestibulum, velit id pretium iaculis, diam erat fermentum justo, nec condimentum neque sapien placerat ante. Nulla justo.",
      "maxCredit": 86,
      "active": false,
      "annualFee": 62,
      "interestRate": 24,
      "introOffer": 70,
      "recommendedCreditScore": "126.199.121.105",
      "numberOfApplications": 23,
      "createdDate": "22.01.2024",
      "termsAndConditions": "Suspendisse potenti. In eleifend quam a odio. In hac habitasse platea dictumst.\n\nMaecenas ut massa quis augue luctus tincidunt. Nulla mollis molestie lorem. Quisque ut erat.\n\nCurabitur gravida nisi at nibh. In hac habitasse platea dictumst. Aliquam augue quam, sollicitudin vitae, consectetuer eget, rutrum at, lorem."
    },
    {
      "id": "64",
      "cardName": "Holdlamis",
      "bankName": "Babbleset",
      "description": "Quisque id justo sit amet sapien dignissim vestibulum. Vestibulum ante ipsum primis in faucibus orci luctus et ultrices posuere cubilia Curae; Nulla dapibus dolor vel est. Donec odio justo, sollicitudin ut, suscipit a, feugiat et, eros.\n\nVestibulum ac est lacinia nisi venenatis tristique. Fusce congue, diam id ornare imperdiet, sapien urna pretium nisl, ut volutpat sapien arcu sed augue. Aliquam erat volutpat.",
      "maxCredit": 98,
      "active": false,
      "annualFee": 8,
      "interestRate": 65,
      "introOffer": 62,
      "recommendedCreditScore": "67.91.173.53",
      "numberOfApplications": 2,
      "createdDate": "22.05.2024",
      "termsAndConditions": "Duis bibendum, felis sed interdum venenatis, turpis enim blandit mi, in porttitor pede justo eu massa. Donec dapibus. Duis at velit eu est congue elementum.\n\nIn hac habitasse platea dictumst. Morbi vestibulum, velit id pretium iaculis, diam erat fermentum justo, nec condimentum neque sapien placerat ante. Nulla justo.\n\nAliquam quis turpis eget elit sodales scelerisque. Mauris sit amet eros. Suspendisse accumsan tortor quis turpis."
    },
    {
      "id": "90",
      "cardName": "Zontrax",
      "bankName": "Flipstorm",
      "description": "Phasellus in felis. Donec semper sapien a libero. Nam dui.\n\nProin leo odio, porttitor id, consequat in, consequat ut, nulla. Sed accumsan felis. Ut at dolor quis odio consequat varius.\n\nInteger ac leo. Pellentesque ultrices mattis odio. Donec vitae nisi.",
      "maxCredit": 85,
      "active": false,
      "annualFee": 60,
      "interestRate": 27,
      "introOffer": 70,
      "recommendedCreditScore": "160.223.251.70",
      "numberOfApplications": 16,
      "createdDate": "10.10.2024",
      "termsAndConditions": "Cum sociis natoque penatibus et magnis dis parturient montes, nascetur ridiculus mus. Vivamus vestibulum sagittis sapien. Cum sociis natoque penatibus et magnis dis parturient montes, nascetur ridiculus mus.\n\nEtiam vel augue. Vestibulum rutrum rutrum neque. Aenean auctor gravida sem."
    },
    {
      "id": "78",
      "cardName": "Tin",
      "bankName": "Mydo",
      "description": "Curabitur in libero ut massa volutpat convallis. Morbi odio odio, elementum eu, interdum eu, tincidunt in, leo. Maecenas pulvinar lobortis est.\n\nPhasellus sit amet erat. Nulla tempus. Vivamus in felis eu sapien cursus vestibulum.\n\nProin eu mi. Nulla ac enim. In tempor, turpis nec euismod scelerisque, quam turpis adipiscing lorem, vitae mattis nibh ligula nec sem.",
      "maxCredit": 71,
      "active": false,
      "annualFee": 38,
      "interestRate": 61,
      "introOffer": 20,
      "recommendedCreditScore": "11.143.58.187",
      "numberOfApplications": 11,
      "createdDate": "13.10.2023",
      "termsAndConditions": "Aenean lectus. Pellentesque eget nunc. Donec quis orci eget orci vehicula condimentum.\n\nCurabitur in libero ut massa volutpat convallis. Morbi odio odio, elementum eu, interdum eu, tincidunt in, leo. Maecenas pulvinar lobortis est.\n\nPhasellus sit amet erat. Nulla tempus. Vivamus in felis eu sapien cursus vestibulum."
    },
    {
      "id": "48",
      "cardName": "Zamit",
      "bankName": "Avamba",
      "description": "Suspendisse potenti. In eleifend quam a odio. In hac habitasse platea dictumst.",
      "maxCredit": 24,
      "active": true,
      "annualFee": 21,
      "interestRate": 5,
      "introOffer": 16,
      "recommendedCreditScore": "238.219.119.220",
      "numberOfApplications": 37,
      "createdDate": "27.07.2024",
      "termsAndConditions": "In quis justo. Maecenas rhoncus aliquam lacus. Morbi quis tortor id nulla ultrices aliquet.\n\nMaecenas leo odio, condimentum id, luctus nec, molestie sed, justo. Pellentesque viverra pede ac diam. Cras pellentesque volutpat dui.\n\nMaecenas tristique, est et tempus semper, est quam pharetra magna, ac consequat metus sapien ut nunc. Vestibulum ante ipsum primis in faucibus orci luctus et ultrices posuere cubilia Curae; Mauris viverra diam vitae quam. Suspendisse potenti."
    },
    {
      "id": "8",
      "cardName": "Rank",
      "bankName": "Katz",
      "description": "Curabitur gravida nisi at nibh. In hac habitasse platea dictumst. Aliquam augue quam, sollicitudin vitae, consectetuer eget, rutrum at, lorem.\n\nInteger tincidunt ante vel ipsum. Praesent blandit lacinia erat. Vestibulum sed magna at nunc commodo placerat.\n\nPraesent blandit. Nam nulla. Integer pede justo, lacinia eget, tincidunt eget, tempus vel, pede.",
      "maxCredit": 24,
      "active": true,
      "annualFee": 15,
      "interestRate": 67,
      "introOffer": 41,
      "recommendedCreditScore": "38.108.26.79",
      "numberOfApplications": 12,
      "createdDate": "22.09.2024",
      "termsAndConditions": "Lorem ipsum dolor sit amet, consectetuer adipiscing elit. Proin risus. Praesent lectus."
    },
    {
      "id": "87",
      "cardName": "Wrapsafe",
      "bankName": "Divanoodle",
      "description": "In congue. Etiam justo. Etiam pretium iaculis justo.",
      "maxCredit": 95,
      "active": false,
      "annualFee": 23,
      "interestRate": 19,
      "introOffer": 38,
      "recommendedCreditScore": "160.96.195.59",
      "numberOfApplications": 7,
      "createdDate": "08.04.2025",
      "termsAndConditions": "Proin eu mi. Nulla ac enim. In tempor, turpis nec euismod scelerisque, quam turpis adipiscing lorem, vitae mattis nibh ligula nec sem.\n\nDuis aliquam convallis nunc. Proin at turpis a pede posuere nonummy. Integer non velit."
    },
    {
      "id": "41",
      "cardName": "Asoka",
      "bankName": "Centidel",
      "description": "Sed ante. Vivamus tortor. Duis mattis egestas metus.",
      "maxCredit": 34,
      "active": false,
      "annualFee": 3,
      "interestRate": 49,
      "introOffer": 45,
      "recommendedCreditScore": "216.24.238.151",
      "numberOfApplications": 61,
      "createdDate": "13.05.2025",
      "termsAndConditions": "Nullam porttitor lacus at turpis. Donec posuere metus vitae ipsum. Aliquam non mauris."
    },
    {
      "id": "100",
      "cardName": "Daltfresh",
      "bankName": "Realmix",
      "description": "Integer tincidunt ante vel ipsum. Praesent blandit lacinia erat. Vestibulum sed magna at nunc commodo placerat.\n\nPraesent blandit. Nam nulla. Integer pede justo, lacinia eget, tincidunt eget, tempus vel, pede.",
      "maxCredit": 28,
      "active": true,
      "annualFee": 56,
      "interestRate": 22,
      "introOffer": 58,
      "recommendedCreditScore": "12.122.94.237",
      "numberOfApplications": 20,
      "createdDate": "19.11.2023",
      "termsAndConditions": "In congue. Etiam justo. Etiam pretium iaculis justo."
    },
    {
      "id": "46",
      "cardName": "Lotstring",
      "bankName": "Midel",
      "description": "Integer tincidunt ante vel ipsum. Praesent blandit lacinia erat. Vestibulum sed magna at nunc commodo placerat.\n\nPraesent blandit. Nam nulla. Integer pede justo, lacinia eget, tincidunt eget, tempus vel, pede.",
      "maxCredit": 84,
      "active": false,
      "annualFee": 21,
      "interestRate": 50,
      "introOffer": 7,
      "recommendedCreditScore": "173.117.134.199",
      "numberOfApplications": 62,
      "createdDate": "26.11.2023",
      "termsAndConditions": "Phasellus in felis. Donec semper sapien a libero. Nam dui."
    },
    {
      "id": "97",
      "cardName": "Overhold",
      "bankName": "Meeveo",
      "description": "Integer tincidunt ante vel ipsum. Praesent blandit lacinia erat. Vestibulum sed magna at nunc commodo placerat.",
      "maxCredit": 15,
      "active": true,
      "annualFee": 67,
      "interestRate": 17,
      "introOffer": 26,
      "recommendedCreditScore": "169.116.185.9",
      "numberOfApplications": 10,
      "createdDate": "26.12.2023",
      "termsAndConditions": "In quis justo. Maecenas rhoncus aliquam lacus. Morbi quis tortor id nulla ultrices aliquet."
    },
    {
      "id": "47",
      "cardName": "Kanlam",
      "bankName": "Skyndu",
      "description": "Fusce consequat. Nulla nisl. Nunc nisl.",
      "maxCredit": 100,
      "active": false,
      "annualFee": 54,
      "interestRate": 72,
      "introOffer": 93,
      "recommendedCreditScore": "170.37.252.27",
      "numberOfApplications": 90,
      "createdDate": "13.11.2024",
      "termsAndConditions": "Fusce posuere felis sed lacus. Morbi sem mauris, laoreet ut, rhoncus aliquet, pulvinar sed, nisl. Nunc rhoncus dui vel sem.\n\nSed sagittis. Nam congue, risus semper porta volutpat, quam pede lobortis ligula, sit amet eleifend pede libero quis orci. Nullam molestie nibh in lectus.\n\nPellentesque at nulla. Suspendisse potenti. Cras in purus eu magna vulputate luctus."
    },
    {
      "id": "74",
      "cardName": "Bamity",
      "bankName": "Pixonyx",
      "description": "Curabitur gravida nisi at nibh. In hac habitasse platea dictumst. Aliquam augue quam, sollicitudin vitae, consectetuer eget, rutrum at, lorem.",
      "maxCredit": 98,
      "active": true,
      "annualFee": 38,
      "interestRate": 86,
      "introOffer": 58,
      "recommendedCreditScore": "211.59.146.18",
      "numberOfApplications": 64,
      "createdDate": "20.08.2024",
      "termsAndConditions": "Vestibulum quam sapien, varius ut, blandit non, interdum in, ante. Vestibulum ante ipsum primis in faucibus orci luctus et ultrices posuere cubilia Curae; Duis faucibus accumsan odio. Curabitur convallis.\n\nDuis consequat dui nec nisi volutpat eleifend. Donec ut dolor. Morbi vel lectus in quam fringilla rhoncus."
    },
    {
      "id": "85",
      "cardName": "Zaam-Dox",
      "bankName": "Yamia",
      "description": "Sed ante. Vivamus tortor. Duis mattis egestas metus.\n\nAenean fermentum. Donec ut mauris eget massa tempor convallis. Nulla neque libero, convallis eget, eleifend luctus, ultricies eu, nibh.",
      "maxCredit": 54,
      "active": false,
      "annualFee": 89,
      "interestRate": 98,
      "introOffer": 28,
      "recommendedCreditScore": "236.59.36.5",
      "numberOfApplications": 39,
      "createdDate": "15.10.2024",
      "termsAndConditions": "Aenean fermentum. Donec ut mauris eget massa tempor convallis. Nulla neque libero, convallis eget, eleifend luctus, ultricies eu, nibh.\n\nQuisque id justo sit amet sapien dignissim vestibulum. Vestibulum ante ipsum primis in faucibus orci luctus et ultrices posuere cubilia Curae; Nulla dapibus dolor vel est. Donec odio justo, sollicitudin ut, suscipit a, feugiat et, eros."
    },
    {
      "id": "86",
      "cardName": "Asoka",
      "bankName": "Jabberbean",
      "description": "Morbi non lectus. Aliquam sit amet diam in magna bibendum imperdiet. Nullam orci pede, venenatis non, sodales sed, tincidunt eu, felis.",
      "maxCredit": 50,
      "active": true,
      "annualFee": 94,
      "interestRate": 38,
      "introOffer": 99,
      "recommendedCreditScore": "236.104.223.15",
      "numberOfApplications": 71,
      "createdDate": "05.01.2025",
      "termsAndConditions": "In hac habitasse platea dictumst. Morbi vestibulum, velit id pretium iaculis, diam erat fermentum justo, nec condimentum neque sapien placerat ante. Nulla justo.\n\nAliquam quis turpis eget elit sodales scelerisque. Mauris sit amet eros. Suspendisse accumsan tortor quis turpis.\n\nSed ante. Vivamus tortor. Duis mattis egestas metus."
    },
    {
      "id": "17",
      "cardName": "It",
      "bankName": "Skinte",
      "description": "Integer tincidunt ante vel ipsum. Praesent blandit lacinia erat. Vestibulum sed magna at nunc commodo placerat.\n\nPraesent blandit. Nam nulla. Integer pede justo, lacinia eget, tincidunt eget, tempus vel, pede.",
      "maxCredit": 3,
      "active": false,
      "annualFee": 59,
      "interestRate": 27,
      "introOffer": 23,
      "recommendedCreditScore": "210.103.5.107",
      "numberOfApplications": 89,
      "createdDate": "13.03.2025",
      "termsAndConditions": "Maecenas leo odio, condimentum id, luctus nec, molestie sed, justo. Pellentesque viverra pede ac diam. Cras pellentesque volutpat dui."
    },
    {
      "id": "33",
      "cardName": "Ronstring",
      "bankName": "Realbuzz",
      "description": "Maecenas ut massa quis augue luctus tincidunt. Nulla mollis molestie lorem. Quisque ut erat.\n\nCurabitur gravida nisi at nibh. In hac habitasse platea dictumst. Aliquam augue quam, sollicitudin vitae, consectetuer eget, rutrum at, lorem.",
      "maxCredit": 93,
      "active": true,
      "annualFee": 13,
      "interestRate": 74,
      "introOffer": 100,
      "recommendedCreditScore": "99.39.106.91",
      "numberOfApplications": 51,
      "createdDate": "24.12.2024",
      "termsAndConditions": "Proin leo odio, porttitor id, consequat in, consequat ut, nulla. Sed accumsan felis. Ut at dolor quis odio consequat varius.\n\nInteger ac leo. Pellentesque ultrices mattis odio. Donec vitae nisi.\n\nNam ultrices, libero non mattis pulvinar, nulla pede ullamcorper augue, a suscipit nulla elit ac nulla. Sed vel enim sit amet nunc viverra dapibus. Nulla suscipit ligula in lacus."
    },
    {
      "id": "69",
      "cardName": "Tin",
      "bankName": "Rhynyx",
      "description": "Maecenas leo odio, condimentum id, luctus nec, molestie sed, justo. Pellentesque viverra pede ac diam. Cras pellentesque volutpat dui.\n\nMaecenas tristique, est et tempus semper, est quam pharetra magna, ac consequat metus sapien ut nunc. Vestibulum ante ipsum primis in faucibus orci luctus et ultrices posuere cubilia Curae; Mauris viverra diam vitae quam. Suspendisse potenti.",
      "maxCredit": 84,
      "active": true,
      "annualFee": 18,
      "interestRate": 79,
      "introOffer": 64,
      "recommendedCreditScore": "210.98.212.225",
      "numberOfApplications": 14,
      "createdDate": "17.02.2024",
      "termsAndConditions": "Phasellus sit amet erat. Nulla tempus. Vivamus in felis eu sapien cursus vestibulum.\n\nProin eu mi. Nulla ac enim. In tempor, turpis nec euismod scelerisque, quam turpis adipiscing lorem, vitae mattis nibh ligula nec sem.\n\nDuis aliquam convallis nunc. Proin at turpis a pede posuere nonummy. Integer non velit."
    },
    {
      "id": "37",
      "cardName": "Redhold",
      "bankName": "Jatri",
      "description": "Maecenas leo odio, condimentum id, luctus nec, molestie sed, justo. Pellentesque viverra pede ac diam. Cras pellentesque volutpat dui.\n\nMaecenas tristique, est et tempus semper, est quam pharetra magna, ac consequat metus sapien ut nunc. Vestibulum ante ipsum primis in faucibus orci luctus et ultrices posuere cubilia Curae; Mauris viverra diam vitae quam. Suspendisse potenti.",
      "maxCredit": 61,
      "active": false,
      "annualFee": 88,
      "interestRate": 45,
      "introOffer": 6,
      "recommendedCreditScore": "105.250.50.55",
      "numberOfApplications": 18,
      "createdDate": "27.08.2023",
      "termsAndConditions": "Praesent id massa id nisl venenatis lacinia. Aenean sit amet justo. Morbi ut odio."
    },
    {
      "id": "47",
      "cardName": "Redhold",
      "bankName": "Feedspan",
      "description": "Duis bibendum. Morbi non quam nec dui luctus rutrum. Nulla tellus.",
      "maxCredit": 52,
      "active": true,
      "annualFee": 30,
      "interestRate": 59,
      "introOffer": 46,
      "recommendedCreditScore": "115.76.96.188",
      "numberOfApplications": 57,
      "createdDate": "30.04.2024",
      "termsAndConditions": "Quisque porta volutpat erat. Quisque erat eros, viverra eget, congue eget, semper rutrum, nulla. Nunc purus."
    }
  ]
}